strain	cluster	depth	N_misStops	N_deletions	N_koType
Pakistan/AKU-JAN-RUN2-18/2022	1	2	29485-29487:AAA>TAA	None	earlyStop
Germany/MV-UMG-18606309/2021	2	2	28978-28980:GGT>TAA	None	earlyStop
Sweden/2419281692/2021	3	2	28411-28413:AAT>TAA	None	earlyStop
India/OR-ILSGS17530/2022	4	2	28459-28461:GAC>TAA	None	earlyStop
Gabon/CERMEL-JJ0689/2021	5	2	28687-28689:TTG>TGA	None	earlyStop
Germany/MV-UMG-17926867/2021	6	5	28978-28980:GGT>TAA	None	earlyStop
Germany/MV-UMG-18050184/2021	6	5	28978-28980:GGT>TAA	None	earlyStop
Germany/MV-UMG-18279917/2021	6	5	28978-28980:GGT>TAA	None	earlyStop
Germany/MV-UMG-19008303/2021	7	2	28561-28563:GGT>TGA	None	earlyStop
USA/OR-TRACE-LINN-111921-1428/2021	8	2	29080-29082:GTA>TAA	None	earlyStop
USA/ME-HETL-J8157/2021	9	2	28948-28950:AGA>TGA	None	earlyStop
USA/WA-PHL-005609/2021	10	2	29008-29010:GTC>TAA	None	earlyStop
USA/GA-CDC-MMB08702779/2021	11	2	None	29529:29571	bigDeletion
USA/UT-UPHL-210612294744/2021	12	2	None	29397:29428	bigDeletion
USA/DE-DHSS-B1115256/2021	13	2	None	29377:29414	bigDeletion
USA/DE-Curative-017023/2021	13	2	None	29377:29414	bigDeletion
USA/DE-DHSS-B1099663/2021	13	2	None	29377:29414	bigDeletion
USA/DE-B1099663-6-16/2021	13	2	None	29377:29414	bigDeletion
USA/DE-DHSS-B1099629/2021	13	2	None	29377:29414	bigDeletion
USA/WA-S10258/2021	14	2	None	29372:29546	bigDeletion
USA/WA-S10667/2021	15	2	None	29372:29508	bigDeletion
USA/WA-S9000/2021	16	2	None	29372:29476	bigDeletion
USA/WA-S10141/2021	17	2	None	29372:29510	bigDeletion
USA/WA-S10224/2021	18	3	None	29464:29500	bigDeletion
USA/WA-S14062/2021	18	3	None	29464:29500	bigDeletion
USA/WA-S10196/2021	18	3	None	29464:29500	bigDeletion
USA/WA-S10543/2021	18	3	None	29464:29500	bigDeletion
USA/WA-S10153/2021	18	3	None	29464:29500	bigDeletion
USA/WA-S10152/2021	18	3	None	29464:29500	bigDeletion
USA/WA-S10272/2021	18	3	None	29464:29500	bigDeletion
USA/WA-S10179/2021	18	3	None	29464:29500	bigDeletion
USA/WA-S10565/2021	18	3	None	29464:29500	bigDeletion
USA/WA-S10550/2021	18	3	None	29464:29500	bigDeletion
USA/WA-S10261/2021	18	3	None	29464:29500	bigDeletion
USA/WA-S9799/2021	18	3	None	29464:29500	bigDeletion
USA/WA-S9810/2021	18	3	None	29464:29500	bigDeletion
USA/WA-S10172/2021	18	3	None	29464:29500	bigDeletion
USA/WA-S10232/2021	18	3	None	29464:29500	bigDeletion
USA/WA-S10180/2021	18	3	None	29464:29500	bigDeletion
USA/WA-S9818/2021	18	3	None	29464:29500	bigDeletion
USA/WA-S10187/2021	18	3	None	29464:29500	bigDeletion
USA/WA-S9830/2021	18	3	None	29464:29500	bigDeletion
USA/WA-S10255/2021	18	3	None	29464:29500	bigDeletion
USA/WA-S14071/2021	18	3	None	29464:29500	bigDeletion
USA/WA-S13917/2021	18	3	None	29464:29500	bigDeletion
USA/WA-S14054/2021	18	3	None	29464:29500	bigDeletion
USA/WA-S13832/2021	18	3	None	29464:29500	bigDeletion
USA/WA-S14050/2021	18	3	None	29464:29500	bigDeletion
India/OR-ILSGS18196/2022	19	2	None	29181:29256	bigDeletion
USA/KY-GD-SID-21051328186/2021	20	2	None	29432:29499	bigDeletion
Greece/198072/2021	21	2	None	29379:29409	bigDeletion
USA/WA-S7517/2021	22	2	None	29372:29450	bigDeletion
India/DL-NCDC-3509146/2021	23	2	None	28779:28845	bigDeletion
USA/WA-S9544/2021	24	2	None	29372:29507	bigDeletion
Mongolia/10011825/2021	25	2	None	29293:29387	bigDeletion
Poland/NIPH-NIH_ECDC-5695/2021	26	2	None	29321:29384	bigDeletion
Bangladesh/BSMMU_LB_308/2021	27	2	None	29123:29204	bigDeletion
USA/IN-PU-LH000174165/2021	28	2	None	29041:29316	bigDeletion
Pakistan/NIH-PAK-NC102/2021	29	2	None	28921:29000	bigDeletion
Qatar/QA.QU_18.19.D5/2021	29	2	None	28921:29000	bigDeletion
Rwanda/CV2199/2021	30	2	None	28779:28815	bigDeletion
Guinea/Conakry_22298/2021	31	2	None	28779:28865	bigDeletion
USA/MN-CDC-IBX714177960686/2021	32	2	None	29372:29457	bigDeletion
Maldives/MAV28931/2021	33	2	None	28153:28290	bigDeletion
USA/OR-OSPHL00729/2021	34	2	None	29530:29575	bigDeletion
USA/WA-S9406/2021	35	2	None	29459:29500	bigDeletion
USA/OR-OHSU-212100472/2021	36	2	None	29372:29500	bigDeletion
Ecuador/NIC-INSPI-53954/2021	37	2	None	29372:29521	bigDeletion
Switzerland/BE-UHB-750957701/2021	38	2	None	28772:28993	bigDeletion
Austria/MUIV-0158/2021	39	2	None	29529:29592	bigDeletion
Kenya/ILRI_COVM01050/2021	40	2	None	28780:28984	bigDeletion
USA/AZ-GD-081721-LRG909ZSM/2021	41	2	None	29373:29499	bigDeletion
USA/WA-S10168/2021	42	2	None	29372:29500	bigDeletion
USA/WA-S9542/2021	43	2	None	29372:29508	bigDeletion
USA/WA-S10022/2021	44	2	None	29372:29417	bigDeletion
USA/MI-MDHHS-SC29346/2021	45	2	None	29370:29403	bigDeletion
USA/WA-S13256/2021	46	2	None	29372:29500	bigDeletion
USA/WA-S13158/2021	47	2	None	29372:29500	bigDeletion
USA/WA-S9822/2021	48	2	None	29372:29426	bigDeletion
USA/WA-S10303/2021	48	2	None	29372:29426	bigDeletion
USA/AK-CDC-LC0454922/2021	49	2	None	28555:28630	bigDeletion
USA/WA-S13334/2021	50	2	None	29372:29500	bigDeletion
USA/WA-S10245/2021	51	2	None	29372:29510	bigDeletion
USA/WA-S13930/2021	52	2	None	29372:29422	bigDeletion
USA/WA-S10639/2021	53	2	None	29372:29500	bigDeletion
USA/WA-OHSU-213540804/2021	54	2	None	29370:29526	bigDeletion
India/HR-IGIB-122785/2021	55	2	None	29372:29574	bigDeletion
Kenya/ILRI_COVC25399/2021	56	2	None	28756:29007	bigDeletion
USA/WA-S12071/2021	57	2	None	29375:29500	bigDeletion
USA/IN-GD-092921-357/2021	58	2	None	29372:29500	bigDeletion
Slovenia/17-009523-CE/2021	59	2	None	28497:28573	bigDeletion
USA/WA-S10203/2021	60	3	None	29424:29454	bigDeletion
USA/WA-S10248/2021	60	3	None	29424:29454	bigDeletion
Cyprus/BMV1392/2021	61	2	None	28497:28674	bigDeletion
Israel/CVL-17423/2021	62	2	None	29379:29500	bigDeletion
Gambia/36175/2021	63	2	None	29356:29510	bigDeletion
Gambia/44621/2021	64	2	None	29356:29510	bigDeletion
Gambia/134112/2021	64	2	None	29356:29510	bigDeletion
Brunei/7122008951/2022	65	2	None	28943:29022	bigDeletion
Kuwait/KCCC-4271959-W037812/2021	66	2	None	29466:29582	bigDeletion
Guinea/IPG-23330/2021	67	2	None	29372:29474	bigDeletion
USA/CT-CDC-LC0169274/2021	68	2	None	28555:28630	bigDeletion
Vietnam/Hau_Giang-25/2021	69	2	None	28266:28342	bigDeletion
Japan/IC-8255/2022	70	2	None	28442:28699	bigDeletion
Sweden/10106595/2021	71	2	None	28943:28996	bigDeletion
USA/OR-OHSU-212310484/2021	72	2	None	29372:29510	bigDeletion
USA/WA-OHSU-212320440/2021	73	2	None	29372:29510	bigDeletion
USA/WA-OHSU-212380285/2021	74	2	None	29372:29432	bigDeletion
Germany/NW-HHU-7908/2021	75	2	None	28756:29007	bigDeletion
PuertoRico/PR-UPRRP-1198/2021	76	3	None	29428:29499	bigDeletion
PuertoRico/PR-UPRRP-4818/2021	76	3	None	29428:29499	bigDeletion
PuertoRico/PR-Yale-11892/2021	76	3	None	29428:29499	bigDeletion
Bulgaria/22BG-EU_018177_Pl171/2022	77	2	None	28511:28572	bigDeletion
Nepal/S-03/2021	78	2	None	29370:29500	bigDeletion
Nepal/S-26/2021	79	2	None	29370:29555	bigDeletion
USA/WV-WVU-WV120985/2021	80	3	None	29378:29444	bigDeletion
USA/WA-S13973/2021	80	3	None	29378:29444	bigDeletion
USA/WA-S14040/2021	80	3	None	29378:29444	bigDeletion
USA/OR-OHSU-212980240/2021	81	2	None	29372:29510	bigDeletion
NorthernMarianaIslands/CDC-2-4972255/2021	82	2	None	29213:29285	bigDeletion
USA/OR-OHSU-212310266/2021	83	2	None	29405:29491	bigDeletion
USA/OR-OHSU-212310177/2021	83	2	None	29405:29491	bigDeletion
USA/OR-OHSU-212300596/2021	83	2	None	29405:29491	bigDeletion
USA/OR-OHSU-212310509/2021	83	2	None	29405:29491	bigDeletion
USA/WA-OHSU-212310163/2021	83	2	None	29405:29491	bigDeletion
USA/WA-S12921/2021	84	2	None	29372:29497	bigDeletion
USA/WA-S12918/2021	84	2	None	29372:29497	bigDeletion
USA/WA-OHSU-213492382/2021	85	2	None	29381:29510	bigDeletion
USA/WA-PHL-008380/2021	86	2	None	29449:29489	bigDeletion
USA/WA-S13488/2021	87	2	None	29374:29434	bigDeletion
USA/WA-S10717/2021	87	2	None	29374:29434	bigDeletion
USA/WA-S12947/2021	87	2	None	29374:29434	bigDeletion
USA/WA-S10529/2021	88	2	None	29372:29510	bigDeletion
USA/WA-S14238/2021	89	2	None	29464:29593	bigDeletion
USA/WA-S12356/2021	90	2	None	29372:29402	bigDeletion
USA/WA-S12857/2021	91	2	None	29372:29500	bigDeletion
USA/WA-CDC-LC0393193/2021	92	2	None	27959:28571	bigDeletion
USA/WA-S14033/2021	93	2	None	29372:29510	bigDeletion
USA/WA-S13252/2021	94	2	None	29426:29464	bigDeletion
USA/WA-S12908/2021	94	2	None	29426:29464	bigDeletion
USA/WA-S13191/2021	94	2	None	29426:29464	bigDeletion
USA/WA-S10698/2021	95	2	None	29481:29513	bigDeletion
USA/KY-CDC-LC0061054/2021	96	2	None	28314:28510	bigDeletion
USA/WA-OHSU-212810298/2021	97	2	None	29397:29427	bigDeletion
USA/WA-S10561/2021	98	2	None	29393:29526	bigDeletion
USA/WA-CDC-LC0214060/2021	99	2	None	28110:28601	bigDeletion
USA/WA-CDC-LC0265564/2021	99	2	None	28110:28601	bigDeletion
USA/WA-S13978/2021	100	3	None	29372:29492	bigDeletion
USA/WA-S14010/2021	100	3	None	29372:29492	bigDeletion
USA/WA-S14052/2021	100	3	None	29372:29492	bigDeletion
Chile/RM-144142/2021	101	2	None	29372:29510	bigDeletion
USA/WA-S14152/2021	102	2	None	29372:29510	bigDeletion
USA/WA-OHSU-212150760/2021	103	2	None	29372:29546	bigDeletion
USA/WA-CDC-LC0300630/2021	104	2	None	28194:28601	bigDeletion
USA/WA-PHL-006034/2021	105	2	None	29399:29475	bigDeletion
USA/OR-OHSU-211800445/2021	105	2	None	29399:29475	bigDeletion
USA/WA-S9452/2021	106	2	None	29372:29500	bigDeletion
USA/WA-S9450/2021	106	2	None	29372:29500	bigDeletion
USA/NC-DH-235M091000002531/2021	107	2	None	29436:29500	bigDeletion
USA/DE-DHSS-B1128812/2021	108	2	None	29356:29468	bigDeletion
Kenya/ILRI_COVM01356/2021	109	2	None	28756:29007	bigDeletion
USA/NJ-CDC-LC0070365/2021	110	2	None	28314:28571	bigDeletion
USA/DC-CDC-LC0070724/2021	111	2	None	28286:28609	bigDeletion
Kenya/ILRI_COVC25156/2021	112	2	None	29356:29510	bigDeletion
USA/WA-Curative-053770/2021	113	2	None	29442:29494	bigDeletion
USA/CA-Curative-079317/2021	113	2	None	29442:29494	bigDeletion
Azerbaijan/un-ChVir28816/2021	114	2	None	28896:28969	bigDeletion
Croatia/5899/2021	115	2	None	28498:28674	bigDeletion
Maldives/MAV91361/2021	116	2	None	29372:29494	bigDeletion
Moldova/Nr-2034/2022	117	2	None	28997:29038	bigDeletion
Qatar/QA.QU_18.19.A9/2021	118	2	None	29356:29510	bigDeletion
USA/WA-CDC-LC0318482/2021	119	2	None	27988:28482	bigDeletion
Qatar/QA.QU.20.7.C3/2021	120	2	None	29246:29289	bigDeletion
Guinea/IPG-24258/2021	121	2	None	29409:29505	bigDeletion
Pakistan/AKU-APR-R1-MIN-14/2021	122	2	None	28756:29007	bigDeletion
Latvia/3888072/2022	123	2	None	29441:29526	bigDeletion
Nepal/S-19/2021	124	2	None	29370:29521	bigDeletion
Maldives/MAV93679/2021	125	2	None	29370:29500	bigDeletion
Maldives/MAV95040/2021	126	2	None	29370:29416	bigDeletion
Nepal/S-28/2021	127	2	None	29368:29505	bigDeletion
USA/WA-S10231/2021	128	2	None	29432:29510	bigDeletion
CzechRepublic/FNP0340/2022	129	2	None	29213:29307	bigDeletion
Ukraine/71901/2022	130	2	None	28956:28995	bigDeletion
Ukraine/71379/2022	131	2	None	28863:28897	bigDeletion
Ukraine/71376/2022	131	2	None	28863:28897	bigDeletion
senegal/SN-IR1-0074796/2021	132	2	None	29356:29510	bigDeletion
Kosovo/CO-00367-XXK000_63/2021	133	2	None	29321:29384	bigDeletion
Kosovo/CO-00533-XXK000_5477/2021	134	2	None	28497:28674	bigDeletion
Bahrain/21921669877_S82_L001/2021	135	2	None	29372:29486	bigDeletion
USA/WA-CDC-LC0250490/2021	136	2	None	27959:28406	bigDeletion
Chile/RM-151082/2021	137	2	None	29009:29284	bigDeletion
Iraq/KR-SEARCH-120012/2021	138	2	None	28545:28632	bigDeletion
Seychelles/SS4681/2021	139	2	None	28572:29475	bigDeletion
Cameroon/C159/2021	140	2	None	29372:29500	bigDeletion
USA/WI-CDC-LC0405424/2021	141	2	None	27959:28571	bigDeletion
Algeria/00003/2021	142	2	None	29356:29510	bigDeletion
USA/NE-CUMC_22038089/2022	143	2	None	29372:29510	bigDeletion
USA/WA-S9787/2021	143	2	None	29372:29510	bigDeletion
USA/WV-WVU-WV121300/2021	144	2	None	29434:29480	bigDeletion
USA/WA-S14063/2021	145	2	None	29378:29413	bigDeletion
USA/WA-S13658/2021	146	2	None	29372:29444	bigDeletion
France/PDL-CHUN-222522239/2022	147	3	None	29409:29510	bigDeletion
France/PDL-CHUN-222522242/2022	147	3	None	29409:29510	bigDeletion
Seychelles/SS3453/2021	148	2	None	28756:29007	bigDeletion
USA/WA-S10446/2021	149	2	None	28893:28951	bigDeletion
USA/CT-Yale-10824/2021	150	2	None	29356:29446	bigDeletion
USA/MD-HP10967-PIDXZPNZCW/2021	150	2	None	29356:29446	bigDeletion
Bonaire/BQ-RIVM-60469/2021	151	2	None	29041:29316	bigDeletion
Curacao/CW-RIVM-83996/2022	152	3	None	29041:29316	bigDeletion
Curacao/CW-RIVM-86215/2022	152	3	None	29041:29316	bigDeletion
Argentina/INEI111355/2021	153	2	None	29358:29414	bigDeletion
Croatia/12378/2021	154	2	None	28497:28573	bigDeletion
Maldives/MAV80943/2021	155	2	None	29406:29489	bigDeletion
Maldives/MAV92033/2021	155	2	None	29406:29489	bigDeletion
Maldives/MAV84014/2021	155	2	None	29406:29489	bigDeletion
Maldives/MAV91798/2021	156	2	None	29370:29510	bigDeletion
Maldives/MAV83518/2021	157	2	None	29372:29412	bigDeletion
Bolivia/SAN-UPCH-3307/2021	158	2	None	29372:29493	bigDeletion
USA/WA-S10562/2021	159	2	None	29372:29500	bigDeletion
Lithuania/LTU000_KUL_5435149/2022	160	2	None	28497:28674	bigDeletion
USA/WA-S9944/2021	161	2	None	29372:29542	bigDeletion
Sweden/10159323/2021	162	2	None	28479:28557	bigDeletion
Qatar/QA.QU.20.7.D9/2021	163	2	None	29246:29289	bigDeletion
Cyprus/CING_92_1911_Ma/2021	164	2	None	28592:28674	bigDeletion
USA/WA-S12964/2021	165	2	None	29372:29500	bigDeletion
Bangladesh/BSMMU_Laila_618/2021	166	2	None	29428:29487	bigDeletion
USA/GA-CDC-QDX26177509/2021	167	2	None	29356:29442	bigDeletion
USA/SC-CDC-LC0261437/2021	168	2	None	28374:28661	bigDeletion
USA/WA-S12631/2021	169	2	None	29481:29521	bigDeletion
Senegal/10008573/2021	170	2	None	29372:29419	bigDeletion
Luxembourg/LNS2312474/2022	171	2	None	29237:29380	bigDeletion
Gambia/43130/2021	172	2	None	29356:29510	bigDeletion
Senegal/291764/2021	173	2	None	29370:29499	bigDeletion
CaboVerde/Santiago_32095/2021	174	2	None	29372:29499	bigDeletion
Uganda/MRC-UVRI-UVRI417944/2021	175	2	None	29372:29452	bigDeletion
USA/WA-S14148/2021	176	2	None	29372:29500	bigDeletion
USA/WA-S14003/2021	177	3	None	29372:29408	bigDeletion
USA/WA-S12401/2021	177	3	None	29372:29408	bigDeletion
Malta/MDxMDH1084/2022	178	2	None	29531:29639	bigDeletion
Pakistan/NIH-B27-S13/2021	179	2	None	29132:29188	bigDeletion
Namibia/N17388/2021	180	2	None	29355:29497	bigDeletion
USA/WA-S10533/2021	181	2	None	29372:29505	bigDeletion
USA/WA-S10532/2021	182	2	None	29372:29505	bigDeletion
Sweden/293261122W/2022	183	2	None	28165:28401	bigDeletion
Montenegro/CO-00688_MNE000_1009432202/2022	184	2	None	28500:28571	bigDeletion
Nicaragua/CNDR-153325/2021	185	2	None	29356:29510	bigDeletion
USA/WA-PHL-005925/2021	185	2	None	29356:29510	bigDeletion
Nicaragua/CNDR-161680/2021	185	2	None	29356:29510	bigDeletion
USA/AZ-CDC-LC0220217/2021	186	2	None	27959:28510	bigDeletion
Nicaragua/CNDR-162762/2021	187	3	None	28756:29007	bigDeletion
Nicaragua/CNDR-157711/2021	187	3	None	28756:29007	bigDeletion
USA/DC-DFS-PHL-01609/2021	188	2	None	29356:29420	bigDeletion
Panama/GMI-PASEQ468/2021	189	2	None	29357:29450	bigDeletion
Honduras/1292739/2021	190	2	None	29370:29444	bigDeletion
USA/WA-CDC-QDX31446678/2021	191	2	None	28145:28416	bigDeletion
USA/WA-UW-21120251132/2021	192	2	None	29372:29494	bigDeletion
Lithuania/LTU000_KUL_5295192/2021	193	2	None	28500:28573	bigDeletion
PapuaNewGuinea/PNG7182/2022	194	2	None	28893:29624	bigDeletion
USA/WA-S11764/2021	195	2	None	29443:29494	bigDeletion
USA/WA-S10159/2021	196	2	None	29426:29488	bigDeletion
USA/WA-S10165/2021	196	2	None	29426:29488	bigDeletion
USA/WA-S13324/2021	197	2	None	29372:29500	bigDeletion
USA/WA-OHSU-213481755/2021	198	2	None	29411:29491	bigDeletion
USA/WA-CDC-LC0275511/2021	199	2	None	27776:28301	bigDeletion
USA/WA-CDC-LC0333499/2021	200	2	None	27818:28301	bigDeletion
USA/WA-CDC-LC0329532/2021	200	2	None	27818:28301	bigDeletion
USA/WA-CDC-LC0341114/2021	201	2	None	27959:28330	bigDeletion
USA/WA-OHSU-213501915/2021	202	2	None	29411:29442	bigDeletion
USA/WA-OHSU-212360725/2021	203	2	None	29405:29445	bigDeletion
USA/WA-S10507/2021	204	3	None	29372:29424	bigDeletion
USA/WA-S10318/2021	204	3	None	29372:29424	bigDeletion
USA/WA-PHL-011448/2022	205	2	None	29512:29564	bigDeletion
USA/WA-OHSU-212350548/2021	206	2	None	29372:29416	bigDeletion
USA/WA-S13613/2021	207	2	None	29372:29500	bigDeletion
USA/WA-S12456/2021	207	2	None	29372:29500	bigDeletion
USA/WA-OHSU-212360394/2021	208	2	None	29378:29453	bigDeletion
USA/WA-S13850/2021	209	2	None	29375:29507	bigDeletion
USA/WA-S13258/2021	209	2	None	29375:29507	bigDeletion
USA/WA-S13841/2021	209	2	None	29375:29507	bigDeletion
USA/WA-S12718/2021	210	2	None	29372:29497	bigDeletion
USA/WA-S9798/2021	211	2	None	29372:29510	bigDeletion
USA/WA-S10267/2021	212	2	None	29372:29493	bigDeletion
USA/WA-S10676/2021	213	2	None	29372:29452	bigDeletion
USA/WA-S9645/2021	214	2	None	29372:29565	bigDeletion
USA/WA-S10857/2021	215	2	None	29372:29526	bigDeletion
USA/WA-S12939/2021	216	2	None	29372:29526	bigDeletion
Togo/11164/2021	217	2	None	29305:29337	bigDeletion
USA/WA-CDC-LC0213290/2021	218	2	None	28555:28779	bigDeletion
USA/WA-S10523/2021	219	2	None	29372:29595	bigDeletion
USA/WA-S14699/2021	220	2	None	29529:29593	bigDeletion
USA/WA-S14146/2021	220	2	None	29529:29593	bigDeletion
USA/WA-S13705/2021	221	2	None	29372:29436	bigDeletion
USA/WA-S9953/2021	222	2	None	29383:29510	bigDeletion
USA/WA-S13984/2021	223	2	None	29372:29516	bigDeletion
Belize/CML-279/2021	224	2	None	29356:29510	bigDeletion
Lithuania/LTU000_VLN_ANT_08_23_8/2021	225	2	None	28497:28573	bigDeletion
Sweden/9530977363/2022	226	3	None	29052:29304	bigDeletion
Sweden/9531366849/2022	226	3	None	29052:29304	bigDeletion
Cyprus/CING_18_1101_Li/2022	227	2	None	28497:28674	bigDeletion
CzechRepublic/34SVANiz161927/2022	228	2	None	29525:29638	bigDeletion
USA/WA-PHL-002411/2021	229	2	None	29356:29510	bigDeletion
Haiti/68070046-ICGES/2021	230	2	None	28827:28992	bigDeletion
USA/WA-S9956/2021	231	2	None	29372:29515	bigDeletion
USA/WA-S13806/2021	232	2	None	29372:29526	bigDeletion
USA/WA-OHSU-213481335/2021	233	2	None	29372:29510	bigDeletion
USA/MD-CDC-LC0488789/2022	234	2	None	27846:28301	bigDeletion
USA/WA-S12839/2021	235	2	None	29426:29500	bigDeletion
USA/WA-S10860/2021	236	2	None	29462:29500	bigDeletion
USA/WA-S13279/2021	237	2	None	29395:29434	bigDeletion
USA/WA-S14014/2021	237	2	None	29395:29434	bigDeletion
USA/WA-S13292/2021	238	2	None	29374:29418	bigDeletion
USA/KY-CDC-LC0169855/2021	239	2	None	28526:28601	bigDeletion
USA/GA-CDC-LC0056566/2021	239	2	None	28526:28601	bigDeletion
USA/MD-CDC-LC0260675/2021	240	2	None	28374:28610	bigDeletion
USA/AL-ADPH-SampleT3/2022	241	2	None	28887:28989	bigDeletion
USA/IN-GD-082421-258/2021	242	2	None	29372:29415	bigDeletion
USA/WA-CDC-LC0304204/2021	243	2	None	28526:28630	bigDeletion
USA/MI-MDHHS-SC36978/2021	244	2	None	29370:29419	bigDeletion
USA/WA-PHL-001708/2021	245	2	None	29356:29510	bigDeletion
U.S.VirginIslands/VI-Yale-12027/2021	246	2	None	29356:29510	bigDeletion
USA/WA-CDC-UW21111926402/2021	247	2	None	28779:28989	bigDeletion
USA/OH-CDC-LC0101992/2021	248	2	None	28526:28571	bigDeletion
USA/WA-OHSU-213570613/2021	249	2	None	29370:29442	bigDeletion
USA/WA-S11830/2021	250	2	None	29372:29408	bigDeletion
Australia/NSW-ICPMR-20323/2022	251	2	None	28993:29455	bigDeletion
USA/WA-S14170/2021	252	2	None	29372:29500	bigDeletion
USA/WA-PHL-008606/2021	253	2	None	29438:29510	bigDeletion
USA/SC-CDC-LC0464220/2022	254	2	None	28526:28691	bigDeletion
Chile/RM-174922/2021	255	2	None	28917:28993	bigDeletion
Spain/VC-CVA_ALIC-105892/2022	256	2	None	28394:28483	bigDeletion
Cyprus/CING_78_1612_Li/2021	257	2	None	28497:28573	bigDeletion
CzechRepublic/FNP1657/2021	258	2	None	28322:28382	bigDeletion
Croatia/14014/2021	259	2	None	28500:28534	bigDeletion
Croatia/10252/2021	259	2	None	28500:28534	bigDeletion
Malta/MDxMDH1083/2022	260	2	None	29266:29302	bigDeletion
Honduras/1289623/2021	261	2	None	29356:29510	bigDeletion
Kosovo/CO-00733-XXK000_98_02_Pe_Niph_2022/2022	262	2	None	28497:28674	bigDeletion
Cyprus/BMV2277/2021	263	2	None	28500:28573	bigDeletion
Paraguay/385076/2022	264	2	None	29375:29495	bigDeletion
USA/WA-S9976/2021	265	2	None	29372:29510	bigDeletion
USA/WA-CDC-LC0282531/2021	266	2	None	28526:28669	bigDeletion
USA/WA-S13532/2021	267	2	None	29372:29413	bigDeletion
USA/WA-S13147/2021	267	2	None	29372:29413	bigDeletion
USA/WA-OHSU-213401347/2021	268	2	None	29372:29510	bigDeletion
USA/WA-OHSU-213481443/2021	269	2	None	29372:29500	bigDeletion
USA/WA-S10039/2021	270	2	None	29372:29503	bigDeletion
USA/WA-S14072/2021	271	2	None	29447:29500	bigDeletion
USA/WA-S13988/2021	272	3	None	29372:29500	bigDeletion
USA/WA-S14067/2021	272	3	None	29372:29500	bigDeletion
USA/AK-PHL16330/2021	273	2	None	29452:29485	bigDeletion
USA/OR-OHSU-212350699/2021	274	2	None	29405:29494	bigDeletion
USA/WA-S10510/2021	275	2	None	29468:29508	bigDeletion
USA/WA-S14230/2021	276	2	None	29372:29510	bigDeletion
USA/WA-S15681/2021	277	2	None	29528:29602	bigDeletion
USA/WA-PHL-007488/2021	278	2	None	29453:29504	bigDeletion
USA/NE-NCOV21-45912/2021	279	2	None	29356:29510	bigDeletion
USA/WA-CDC-LC0396597/2021	280	2	None	27959:28661	bigDeletion
USA/AR-B012157/2021	281	2	None	29373:29486	bigDeletion
USA/TN-CDC-QDX30966644/2021	282	2	None	29356:29442	bigDeletion
USA/WA-OHSU-213420798/2021	283	2	None	29389:29491	bigDeletion
USA/AL-Mobile-SL-21051260019/2021	284	2	None	29372:29500	bigDeletion
Kazakhstan/2752/2021	285	2	None	28781:28984	bigDeletion
USA/WA-S13283/2021	286	2	None	29374:29407	bigDeletion
USA/WA-S9817/2021	287	2	None	29375:29434	bigDeletion
USA/WA-S11823/2021	288	2	None	29372:29497	bigDeletion
Latvia/5127/2021	289	2	None	29461:29510	bigDeletion
USA/VA-CDC-LC0393612/2021	290	2	None	28526:28601	bigDeletion
Moldova/Nr-1256/2022	291	2	None	28997:29040	bigDeletion
Cyprus/BMV1786/2021	292	2	None	28497:28674	bigDeletion
Cyprus/BMV2343/2021	293	2	None	28497:28573	bigDeletion
USA/AL-ADPH-ADPH_1106/2021	294	2	None	29174:29299	bigDeletion
Estonia/RC0021999/2021	295	2	None	28497:28573	bigDeletion
USA/WA-UW-21092185081/2021	296	2	None	28244:28316	bigDeletion
Montenegro/CO-00357_MNE000_2377022102/2021	297	2	None	29055:29126	bigDeletion
Sweden/21823662P/2022	298	2	None	28943:29022	bigDeletion
Chile/AT-170553/2021	299	2	None	28772:29012	bigDeletion
Denmark/DCGC-145468/2021	300	2	None	29356:29395	bigDeletion
Belarus/MA-CRIE-L219C0029u_5034/2021	301	2	None	28550:28646	bigDeletion
USA/WA-OHSU-212800764/2021	302	2	None	29370:29510	bigDeletion
USA/WA-S10984/2021	303	2	None	29372:29408	bigDeletion
USA/WA-CDC-LC0311886/2021	304	2	None	28074:28571	bigDeletion
USA/WA-S9760/2021	305	2	None	29372:29529	bigDeletion
USA/WA-S10257/2021	306	2	None	29373:29500	bigDeletion
USA/WA-S10182/2021	306	2	None	29373:29500	bigDeletion
USA/WA-S12948/2021	307	2	None	29372:29585	bigDeletion
Ecuador/NIC-INSPI-344598/2021	308	2	None	29372:29502	bigDeletion
Ecuador/NIC-INSPI-354257/2021	309	2	None	29463:29493	bigDeletion
USA/WA-S13538/2021	310	2	None	29464:29500	bigDeletion
USA/WA-CDC-LC0265340/2021	311	2	None	28286:28450	bigDeletion
USA/WA-CDC-LC0172620/2021	312	2	None	27983:28661	bigDeletion
USA/MO-CDC-QDX26764324/2021	313	2	None	28756:29007	bigDeletion
USA/WA-PHL-003004/2021	313	2	None	28756:29007	bigDeletion
USA/WA-S10560/2021	314	2	None	29372:29565	bigDeletion
USA/WA-S15710/2021	315	2	None	29530:29647	bigDeletion
USA/WA-S12691/2021	316	2	None	29372:29510	bigDeletion
USA/WA-PHL-002796/2021	317	2	None	28756:29007	bigDeletion
USA/WA-OHSU-213560275/2021	318	2	None	29423:29459	bigDeletion
USA/NV-NSPHL-395789/2021	319	2	None	28756:28791	bigDeletion
USA/WA-CDC-IBX117558566013/2021	320	2	None	28810:28853	bigDeletion
USA/WA-PHL-006105/2021	321	2	None	28794:29007	bigDeletion
USA/NE-NCOV21-24376/2021	322	2	None	28756:29007	bigDeletion
USA/WA-PHL-008472/2021	323	2	None	28870:28914	bigDeletion
USA/MS-CDC-LC0151411/2021	324	2	None	27838:28301	bigDeletion
USA/ND-NDDH-9829/2021	325	2	None	28756:29007	bigDeletion
USA/AK-PHL15094/2021	326	2	None	28928:28985	bigDeletion
USA/NH-CDCBI-CRSP_GKELZNWJLCOGXSWW/2021	327	2	None	28900:28937	bigDeletion
USA/WA-PHL-003344/2021	328	2	None	28940:28974	bigDeletion
USA/WA-S13796/2021	329	2	None	29372:29421	bigDeletion
USA/WA-S13872/2021	330	2	None	29372:29553	bigDeletion
USA/WA-PHL-008187/2021	331	2	None	28796:28974	bigDeletion
USA/CA-SEARCH-107935/2021	332	2	None	28291:28335	bigDeletion
USA/WA-CDC-LC0233082/2021	333	2	None	28074:28630	bigDeletion
USA/MS-CDC-ASC210493567/2021	334	2	None	28805:28864	bigDeletion
USA/WA-S11065/2021	335	2	None	29474:29585	bigDeletion
USA/NE-CUMC_21256056/2021	336	2	None	28756:29007	bigDeletion
USA/NE-S617855/2021	337	2	None	28756:29007	bigDeletion
USA/WY-WYPHL-21066532/2021	338	2	None	28756:29007	bigDeletion
USA/MA-CDC-LC0326500/2021	339	2	None	28526:28601	bigDeletion
USA/OK-OKPHL0006331/2021	340	2	None	28958:28997	bigDeletion
USA/WY-WYPHL-21066505/2021	341	2	None	28756:29007	bigDeletion
USA/WA-OHSU-213483060/2021	342	2	None	28923:28986	bigDeletion
USA/WA-CDC-LC0445549/2021	343	2	None	28074:28301	bigDeletion
USA/NC-CDC-LC0180518/2021	344	2	None	28526:28691	bigDeletion
PuertoRico/PR-UPRRP-4851/2021	345	2	None	29440:29540	bigDeletion
USA/TX-CDC-LC0335283/2021	346	2	None	28526:28571	bigDeletion
USA/NY-NYCPHL-007216/2021	347	2	None	28756:29007	bigDeletion
USA/AL-SL-21072760111/2021	348	2	None	29372:29505	bigDeletion
USA/WA-S13937/2021	349	2	None	28921:28989	bigDeletion
USA/VT-CDCBI-CRSP_2EAGBQVWDF7K57RP/2021	350	2	None	28779:29007	bigDeletion
USA/CT-SEMA4-1733/2021	351	2	None	28779:28831	bigDeletion
USA/WA-S13567/2021	352	2	None	29498:29532	bigDeletion
USA/WA-PHL-003155/2021	353	2	None	29356:29534	bigDeletion
USA/WA-PHL-006150/2021	354	2	None	28953:29007	bigDeletion
USA/WA-PHL-007747/2021	355	2	None	28827:28877	bigDeletion
USA/MO-MSPHL-005341/2021	356	2	None	28938:29007	bigDeletion
USA/WA-OHSU-213492002/2021	357	2	None	29274:29307	bigDeletion
USA/WA-CDC-LC0275626/2021	358	2	None	28074:28341	bigDeletion
USA/WA-S9036/2021	359	2	None	29376:29416	bigDeletion
USA/WA-S9541/2021	359	2	None	29376:29416	bigDeletion
USA/WA-S9543/2021	359	2	None	29376:29416	bigDeletion
USA/WA-S8849/2021	359	2	None	29376:29416	bigDeletion
USA/WA-S8632/2021	359	2	None	29376:29416	bigDeletion
USA/WA-S8879/2021	359	2	None	29376:29416	bigDeletion
USA/OR-OHSU-212310408/2021	359	2	None	29376:29416	bigDeletion
USA/WA-S9103/2021	359	2	None	29376:29416	bigDeletion
USA/WA-S10293/2021	360	2	None	29372:29408	bigDeletion
USA/WA-S8725/2021	360	2	None	29372:29408	bigDeletion
USA/WA-S16543/2022	361	2	None	29525:29633	bigDeletion
USA/WA-S9478/2021	362	2	None	29451:29497	bigDeletion
USA/WA-S9618/2021	363	2	None	29372:29413	bigDeletion
USA/WA-S13615/2021	364	2	None	29422:29494	bigDeletion
USA/WA-Curative-082012/2021	364	2	None	29422:29494	bigDeletion
USA/WA-CDC-UW21102258316/2021	365	2	None	29372:29493	bigDeletion
USA/WA-S10066/2021	366	2	None	29458:29489	bigDeletion
USA/WA-S13644/2021	367	2	None	29372:29541	bigDeletion
USA/WA-S10542/2021	368	2	None	29464:29494	bigDeletion
USA/WA-S10148/2021	368	2	None	29464:29494	bigDeletion
USA/WA-S10249/2021	368	2	None	29464:29494	bigDeletion
USA/WA-S10526/2021	368	2	None	29464:29494	bigDeletion
USA/WA-S10189/2021	368	2	None	29464:29494	bigDeletion
USA/WA-S9430/2021	368	2	None	29464:29494	bigDeletion
USA/WA-S10178/2021	368	2	None	29464:29494	bigDeletion
USA/WA-S9589/2021	369	2	None	29373:29500	bigDeletion
USA/WA-S13154/2021	369	2	None	29373:29500	bigDeletion
USA/WA-S13554/2021	370	2	None	29372:29502	bigDeletion
USA/WA-CDC-LC0204952/2021	371	2	None	28435:28482	bigDeletion
USA/WA-CDC-LC0284663/2021	372	2	None	27959:28482	bigDeletion
USA/WA-S11819/2021	373	2	None	29372:29444	bigDeletion
USA/WA-S12087/2021	374	2	None	29459:29508	bigDeletion
USA/WA-S10307/2021	375	2	None	29532:29585	bigDeletion
USA/WA-CDC-LC0173355/2021	376	2	None	28314:28661	bigDeletion
USA/WA-CDC-LC0360927/2021	377	2	None	27959:28300	bigDeletion
USA/WA-S13605/2021	378	2	None	29372:29419	bigDeletion
USA/WA-S13558/2021	378	2	None	29372:29419	bigDeletion
USA/WA-S10181/2021	379	2	None	29425:29494	bigDeletion
USA/WA-S10079/2021	380	2	None	29372:29434	bigDeletion
USA/WA-S9852/2021	381	2	None	29372:29429	bigDeletion
USA/WA-S12821/2021	382	3	None	29372:29505	bigDeletion
USA/WA-S12825/2021	382	3	None	29372:29505	bigDeletion
USA/WA-S13580/2021	382	3	None	29372:29505	bigDeletion
USA/WA-S13586/2021	382	3	None	29372:29505	bigDeletion
USA/WA-S13593/2021	383	2	None	29374:29418	bigDeletion
USA/WA-CDC-LC0357476/2021	384	2	None	27959:28640	bigDeletion
USA/WA-S14592/2021	385	2	None	28909:29126	bigDeletion
USA/WA-S12828/2021	386	2	None	29372:29500	bigDeletion
USA/WA-OHSU-212800825/2021	387	2	None	29388:29493	bigDeletion
USA/WA-CDC-LC0323452/2021	388	2	None	27959:28571	bigDeletion
USA/GA-EHC-4121M/2022	389	2	None	29289:29387	bigDeletion
USA/MS-CDC-LC0262561/2021	390	2	None	28286:28482	bigDeletion
USA/VA-CDC-LC0431507/2021	391	2	None	28526:28661	bigDeletion
USA/WA-S13845/2021	392	2	None	29372:29593	bigDeletion
USA/WA-S10552/2021	393	2	None	29372:29508	bigDeletion
USA/WA-OHSU-213502669/2021	394	2	None	29375:29407	bigDeletion
USA/WA-S13603/2021	395	2	None	29372:29500	bigDeletion
USA/WA-S13609/2021	395	2	None	29372:29500	bigDeletion
NorthernMarianaIslands/CDC-2-5165853/2021	396	2	None	29289:29563	bigDeletion
Colombia/DC-LSPSDS-VG-1104979/2021	397	2	None	28442:28699	bigDeletion
USA/WA-S14044/2021	398	2	None	29467:29508	bigDeletion
USA/WA-S14077/2021	399	2	None	29372:29595	bigDeletion
U.S.VirginIslands/VI-Yale-7865-/2021	400	2	None	28756:28816	bigDeletion
USA/WA-S9945/2021	401	2	None	29372:29500	bigDeletion
USA/WA-S12895/2021	402	2	None	29372:29515	bigDeletion
USA/WA-S13752/2021	403	2	None	29372:29418	bigDeletion
USA/IN-GD-101921-50/2021	404	2	None	29423:29461	bigDeletion
USA/WA-PHL-008722/2021	405	2	None	29356:29419	bigDeletion
USA/WA-S13870/2021	406	2	None	29372:29510	bigDeletion
USA/VA-CDC-LC0342836/2021	407	2	None	28613:28870	bigDeletion
USA/WA-CDC-LC0337784/2021	408	2	None	28074:28301	bigDeletion
USA/VT-CDC-LC0429477/2021	409	2	None	28346:28722	bigDeletion
USA/WA-S10244/2021	410	2	None	29372:29600	bigDeletion
USA/WA-S14022/2021	411	2	None	29373:29510	bigDeletion
PuertoRico/PR-UPRRP-3568/2021	411	2	None	29373:29510	bigDeletion
USA/SC-CDC-LC0141755/2021	412	2	None	28550:28661	bigDeletion
Chile/AI-166949/2021	413	2	None	28940:28993	bigDeletion
Bolivia/SAN-UPCH-3348/2021	414	2	None	29378:29493	bigDeletion
USA/WA-S14021/2021	415	3	None	29372:29425	bigDeletion
USA/WA-S9777/2021	415	3	None	29372:29425	bigDeletion
USA/WA-S10162/2021	415	3	None	29372:29425	bigDeletion
USA/WA-S10556/2021	415	3	None	29372:29425	bigDeletion
USA/WA-S10608/2021	415	3	None	29372:29425	bigDeletion
USA/WA-S14245/2021	415	3	None	29372:29425	bigDeletion
USA/WA-S14095/2021	415	3	None	29372:29425	bigDeletion
USA/WA-S13367/2021	416	2	None	29438:29515	bigDeletion
USA/WA-S9834/2021	417	2	None	29426:29585	bigDeletion
USA/MO-CDC-LC0153348/2021	418	2	None	28526:28661	bigDeletion
USA/WA-CDC-LC0251552/2021	419	2	None	27959:28510	bigDeletion
USA/KY-GD-091421-18/2021	420	2	None	29372:29500	bigDeletion
USA/WA-S15160/2021	421	2	None	28590:28833	bigDeletion
USA/WA-S9655/2021	422	3	None	29400:29463	bigDeletion
USA/WA-S9652/2021	422	3	None	29400:29463	bigDeletion
USA/WA-S14124/2021	423	2	None	29426:29520	bigDeletion
USA/NC-CORVASEQ-1085-3281/2022	424	2	None	28401:28627	bigDeletion
USA/WA-S13145/2021	425	2	None	29426:29488	bigDeletion
USA/LA-BIE-LSUH001852/2021	425	2	None	29426:29488	bigDeletion
USA/CT-Yale-11441/2021	426	2	None	29356:29510	bigDeletion
USA/WA-S9435/2021	427	2	None	29374:29510	bigDeletion
USA/WA-CDC-LC0130396/2021	428	2	None	28526:28571	bigDeletion
USA/TX-Curative-028537/2021	429	2	None	29372:29509	bigDeletion
USA/WV-CDC-LC0285927/2021	430	2	None	28526:28630	bigDeletion
USA/WA-S12952/2021	431	2	None	29372:29494	bigDeletion
USA/WA-S9939/2021	432	2	None	28830:28941	bigDeletion
USA/WA-CDC-LC0253125/2021	433	2	None	28074:28630	bigDeletion
USA/WA-S13451/2021	434	2	None	29372:29414	bigDeletion
USA/WA-OHSU-213432966/2021	435	2	None	29430:29499	bigDeletion
USA/KS-KHEL-4336/2021	436	2	None	29356:29510	bigDeletion
USA/MI-MDHHS-SC40449/2022	437	2	None	29356:29426	bigDeletion
USA/WA-S14112/2021	438	2	None	29372:29546	bigDeletion
USA/WA-S13294/2021	439	2	None	29372:29418	bigDeletion
Croatia/5923/2021	440	3	None	28500:28534	bigDeletion
Croatia/5925/2021	440	3	None	28500:28534	bigDeletion
USA/NM-CDC-LC0083703/2021	441	2	None	28374:28488	bigDeletion
USA/WA-CDC-LC0275487/2021	441	2	None	28374:28488	bigDeletion
USA/AK-PHL10817/2021	442	2	None	28920:28985	bigDeletion
USA/CO-CDPHE-2102106869/2021	443	2	None	29356:29388	bigDeletion
USA/WA-PHL-007466/2021	444	2	None	29437:29477	bigDeletion
USA/WA-S14143/2021	445	2	None	29372:29500	bigDeletion
USA/WA-CDC-LC0378653/2021	446	2	None	27959:28459	bigDeletion
USA/WA-S9920/2021	447	2	None	29372:29403	bigDeletion
USA/WA-S13260/2021	448	2	None	29372:29500	bigDeletion
USA/AR-CDC-QDX29319913/2021	449	2	None	29356:29442	bigDeletion
USA/WA-OHSU-213550634/2021	450	2	None	29372:29510	bigDeletion
USA/WA-S10177/2021	451	2	None	29372:29478	bigDeletion
USA/WA-S14043/2021	451	2	None	29372:29478	bigDeletion
USA/WA-PHL-005446/2021	452	2	None	29425:29477	bigDeletion
USA/WA-S13922/2021	452	2	None	29425:29477	bigDeletion
USA/WA-OHSU-213483547/2021	453	2	None	29382:29429	bigDeletion
USA/WA-S10128/2021	454	2	None	29372:29521	bigDeletion
USA/WA-S10114/2021	454	2	None	29372:29521	bigDeletion
USA/WA-OHSU-212360633/2021	455	2	None	29372:29510	bigDeletion
USA/WA-OHSU-212360438/2021	455	2	None	29372:29510	bigDeletion
USA/WA-OHSU-212500126/2021	456	2	None	29372:29496	bigDeletion
USA/WA-PHL-002503/2021	457	2	None	29441:29479	bigDeletion
Bahamas/15428-GMI/2021	458	2	None	29360:29414	bigDeletion
USA/WA-S9828/2021	459	2	None	29399:29442	bigDeletion
USA/WA-OHSU-212140469/2021	460	2	None	29372:29468	bigDeletion
USA/WA-PHL-012053/2021	461	2	None	29512:29544	bigDeletion
USA/WA-PHL-016028/2022	462	2	None	29512:29564	bigDeletion
USA/WA-S10499/2021	463	2	None	29372:29510	bigDeletion
USA/WA-S10517/2021	463	2	None	29372:29510	bigDeletion
USA/WA-S13534/2021	464	2	None	29372:29564	bigDeletion
USA/WA-S14247/2021	465	2	None	29372:29407	bigDeletion
USA/WA-OHSU-213540692/2021	466	2	None	29358:29510	bigDeletion
USA/WA-OHSU-212800784/2021	467	2	None	29372:29453	bigDeletion
USA/WV-WVU-WV121826/2021	468	2	None	29470:29512	bigDeletion
USA/WA-S13505/2021	469	2	None	29372:29510	bigDeletion
USA/WA-CDC-LC0276399/2021	470	2	None	28074:28661	bigDeletion
USA/WA-S10849/2021	471	2	None	29372:29413	bigDeletion
USA/WA-PHL-005258/2021	472	2	None	29356:29510	bigDeletion
USA/WA-PHL-016547/2021	473	2	None	28572:28725	bigDeletion
USA/WA-OHSU-213481652/2021	474	2	None	29427:29495	bigDeletion
USA/WA-OHSU-213420286/2021	474	2	None	29427:29495	bigDeletion
USA/WA-S14080/2021	475	2	None	29372:29437	bigDeletion
USA/CT-Yale-10548/2021	476	2	None	29453:29510	bigDeletion
USA/WA-S10331/2021	477	2	None	29372:29444	bigDeletion
USA/WA-S9940/2021	477	2	None	29372:29444	bigDeletion
USA/WA-S10700/2021	477	2	None	29372:29444	bigDeletion
USA/AK-PHL16873/2022	478	2	None	28928:28985	bigDeletion
USA/WA-CDC-LC0417551/2021	479	2	None	27960:28661	bigDeletion
USA/WA-OHSU-212810268/2021	480	2	None	29379:29455	bigDeletion
USA/WA-S12912/2021	481	2	None	29447:29494	bigDeletion
USA/WA-OHSU-213502506/2021	482	2	None	29414:29489	bigDeletion
USA/WA-CDC-LC0263564/2021	483	2	None	28374:28482	bigDeletion
USA/WA-S13164/2021	484	2	None	29372:29500	bigDeletion
USA/WA-S9792/2021	485	2	None	29372:29551	bigDeletion
USA/WA-PHL-007453/2021	486	2	None	29431:29510	bigDeletion
USA/WA-S10200/2021	487	2	None	29372:29532	bigDeletion
USA/MI-CDC-QDX27432110/2021	488	2	None	29356:29442	bigDeletion
USA/AK-PHL14916/2021	489	2	None	28779:28813	bigDeletion
USA/WA-S10108/2021	490	2	None	29372:29434	bigDeletion
Cyprus/CING_17_0812_Li/2021	491	2	None	28592:28674	bigDeletion
USA/OR-OHSU-212810482/2021	492	2	None	29370:29447	bigDeletion
USA/WA-S12302/2021	493	2	None	29372:29454	bigDeletion
USA/WA-PHL-001848/2021	494	2	None	29356:29492	bigDeletion
USA/WA-S13265/2021	495	2	None	29372:29434	bigDeletion
USA/WA-CDC-LC0281544/2021	496	2	None	28314:28510	bigDeletion
USA/WA-S18285/2021	497	2	None	29528:29689	bigDeletion
USA/WA-OHSU-213492564/2021	498	2	None	29370:29497	bigDeletion
USA/WA-S13985/2021	499	2	None	29372:29508	bigDeletion
USA/WA-S13975/2021	499	2	None	29372:29508	bigDeletion
USA/WA-PHL-011460/2022	500	2	None	29512:29590	bigDeletion
USA/WA-S13459/2021	501	2	None	29375:29419	bigDeletion
USA/WA-OHSU-213540395/2021	502	2	None	29372:29510	bigDeletion
USA/WA-CDC-LC0361384/2021	503	2	None	27988:28482	bigDeletion
USA/WA-S14005/2021	504	3	None	29372:29413	bigDeletion
USA/WA-S13338/2021	504	3	None	29372:29413	bigDeletion
USA/WA-S14011/2021	504	3	None	29372:29413	bigDeletion
USA/WA-CDC-LC0173356/2021	505	2	None	27983:28301	bigDeletion
USA/WA-S9404/2021	506	2	None	29372:29408	bigDeletion
USA/WA-S9788/2021	506	2	None	29372:29408	bigDeletion
USA/WA-S9904/2021	506	2	None	29372:29408	bigDeletion
USA/WA-S10266/2021	506	2	None	29372:29408	bigDeletion
USA/WA-S13626/2021	506	2	None	29372:29408	bigDeletion
USA/WA-OHSU-212360244/2021	506	2	None	29372:29408	bigDeletion
USA/WA-PHL-001822/2021	507	2	None	29356:29459	bigDeletion
USA/WA-S10535/2021	508	2	None	29372:29434	bigDeletion
USA/WA-S10209/2021	508	2	None	29372:29434	bigDeletion
USA/WA-S13340/2021	509	2	None	29372:29555	bigDeletion
USA/NM-NMDOH-2021177363/2021	510	2	None	29401:29554	bigDeletion
USA/WA-S13472/2021	511	2	None	29519:29558	bigDeletion
USA/WV-WVU-WV122156/2021	512	2	None	29426:29521	bigDeletion
USA/WA-S14012/2021	513	2	None	29372:29500	bigDeletion
USA/WA-S14164/2021	514	2	None	29372:29500	bigDeletion
USA/WA-S10464/2021	515	2	None	28958:28989	bigDeletion
USA/MO-CDC-LC0232471/2021	516	2	None	28526:28753	bigDeletion
USA/WA-CDC-LC0251492/2021	517	2	None	28074:28301	bigDeletion
USA/WA-S10470/2021	518	2	None	28772:28929	bigDeletion
USA/WA-S9931/2021	519	2	None	29372:29413	bigDeletion
USA/WA-S9932/2021	519	2	None	29372:29413	bigDeletion
USA/WA-CDC-LC0202288/2021	520	2	None	28074:28301	bigDeletion
USA/WA-S14047/2021	521	2	None	29372:29508	bigDeletion
USA/WA-S13431/2021	522	2	None	29376:29408	bigDeletion
USA/WA-S14119/2021	522	2	None	29376:29408	bigDeletion
USA/WA-S14125/2021	523	2	None	29372:29510	bigDeletion
USA/WA-S14469/2021	524	2	None	29525:29585	bigDeletion
USA/TN-SPHL-0261/2021	525	2	None	29356:29510	bigDeletion
USA/WA-S10540/2021	526	3	None	29372:29500	bigDeletion
USA/WA-S13995/2021	526	3	None	29372:29500	bigDeletion
USA/WA-OHSU-212350297/2021	527	3	None	29405:29491	bigDeletion
USA/WA-OHSU-212360787/2021	527	3	None	29405:29491	bigDeletion
USA/WA-CDC-LC0202263/2021	528	2	None	28074:28301	bigDeletion
USA/WA-S9860/2021	529	2	None	29372:29418	bigDeletion
USA/WA-S12656/2021	530	2	None	29372:29510	bigDeletion
USA/WA-CDC-LC0378320/2021	531	2	None	28194:28571	bigDeletion
USA/WA-S10847/2021	532	2	None	29382:29523	bigDeletion
USA/WA-CDC-LC0275279/2021	533	2	None	28110:28301	bigDeletion
USA/WA-S13474/2021	534	2	None	29372:29521	bigDeletion
USA/WA-S13437/2021	535	2	None	29372:29555	bigDeletion
USA/WA-S13148/2021	536	2	None	29372:29414	bigDeletion
USA/WA-OHSU-212300357/2021	537	2	None	29372:29462	bigDeletion
USA/WA-S14082/2021	538	2	None	29372:29600	bigDeletion
USA/WA-S13848/2021	539	2	None	29372:29408	bigDeletion
USA/WA-S13755/2021	540	2	None	29372:29585	bigDeletion
USA/WA-S14127/2021	541	2	None	29372:29531	bigDeletion
USA/WA-S13179/2021	542	2	None	29372:29500	bigDeletion
USA/WA-S13285/2021	543	2	None	29372:29560	bigDeletion
USA/WA-S14041/2021	544	2	None	29463:29532	bigDeletion
USA/WA-CDC-LC0391882/2021	545	2	None	28194:28482	bigDeletion
USA/WA-S14129/2021	546	2	None	29372:29539	bigDeletion
USA/WA-S10828/2021	547	2	None	29372:29439	bigDeletion
USA/WA-CDC-LC0360832/2021	548	2	None	27988:28301	bigDeletion
USA/WA-S11066/2021	549	2	None	29521:29553	bigDeletion
USA/WA-S11320/2021	550	2	None	29372:29585	bigDeletion
USA/WA-S12814/2021	551	2	None	29456:29500	bigDeletion
USA/WA-S12252/2021	551	2	None	29456:29500	bigDeletion
USA/WA-S14135/2021	552	2	None	29372:29505	bigDeletion
USA/WA-S14234/2021	553	2	None	29372:29564	bigDeletion
USA/WA-S9927/2021	554	2	None	29372:29507	bigDeletion
USA/CO-CDC-MMB14355469/2022	555	2	None	29256:29307	bigDeletion
USA/WA-S13971/2021	556	2	None	29372:29500	bigDeletion
USA/WA-S13604/2021	557	2	None	29521:29564	bigDeletion
USA/WA-S13314/2021	558	2	None	29449:29493	bigDeletion
USA/WA-S13824/2021	558	2	None	29449:29493	bigDeletion
USA/WA-S13269/2021	559	3	None	29464:29500	bigDeletion
USA/WA-S13263/2021	559	3	None	29464:29500	bigDeletion
USA/WA-S14066/2021	560	2	None	29372:29500	bigDeletion
USA/WA-S13980/2021	561	2	None	29372:29500	bigDeletion
USA/WA-S14032/2021	562	2	None	29372:29510	bigDeletion
USA/WA-S10260/2021	563	2	None	29372:29515	bigDeletion
USA/WA-S10530/2021	563	2	None	29372:29515	bigDeletion
USA/WA-S14131/2021	563	2	None	29372:29515	bigDeletion
USA/WA-CDC-LC0067306/2021	564	2	None	28526:28601	bigDeletion
USA/WA-S13654/2021	565	2	None	29372:29450	bigDeletion
USA/WA-S9921/2021	565	2	None	29372:29450	bigDeletion
USA/WA-S14147/2021	566	2	None	29372:29542	bigDeletion
USA/WA-S14140/2021	567	2	None	29372:29652	bigDeletion
USA/WA-S9774/2021	568	3	None	29372:29413	bigDeletion
USA/WA-S9608/2021	568	3	None	29372:29413	bigDeletion
USA/WA-S9782/2021	568	3	None	29372:29413	bigDeletion
USA/WA-S9773/2021	568	3	None	29372:29413	bigDeletion
USA/WA-S10124/2021	568	3	None	29372:29413	bigDeletion
USA/WA-CDC-LC0437438/2021	569	2	None	28044:28301	bigDeletion
USA/WA-OHSU-212320112/2021	570	2	None	29444:29494	bigDeletion
USA/WA-OHSU-212380165/2021	570	2	None	29444:29494	bigDeletion
USA/WA-S14053/2021	571	2	None	29372:29505	bigDeletion
USA/WA-S13831/2021	571	2	None	29372:29505	bigDeletion
USA/WA-S14059/2021	571	2	None	29372:29505	bigDeletion
USA/WA-OHSU-212360763/2021	572	2	None	29388:29425	bigDeletion
USA/WA-OHSU-212810423/2021	573	2	None	29372:29493	bigDeletion
USA/WA-S13815/2021	574	2	None	29372:29585	bigDeletion
USA/WA-S13819/2021	575	2	None	29372:29510	bigDeletion
USA/WA-PHL-005576/2021	576	2	None	29356:29414	bigDeletion
USA/ID-CDC-LC0417437/2021	577	2	None	27959:28301	bigDeletion
USA/OK-OKPHLC0000959/2021	578	2	None	29411:29453	bigDeletion
USA/WA-S9960/2021	579	2	None	29372:29446	bigDeletion
USA/WA-S10233/2021	579	2	None	29372:29446	bigDeletion
USA/WA-S12684/2021	580	2	None	29372:29500	bigDeletion
USA/WA-S12946/2021	581	2	None	29375:29413	bigDeletion
USA/WA-OHSU-213560668/2021	582	2	None	29358:29510	bigDeletion
USA/WA-S14130/2021	583	2	None	29372:29699	bigDeletion
USA/WA-S10268/2021	584	2	None	29372:29510	bigDeletion
USA/WA-S13331/2021	585	2	None	29372:29500	bigDeletion
USA/WA-S13323/2021	586	2	None	29374:29467	bigDeletion
USA/WA-S13316/2021	586	2	None	29374:29467	bigDeletion
USA/WA-CDC-LC0346097/2021	587	2	None	28314:28510	bigDeletion
USA/WA-CDC-LC0323802/2021	588	2	None	27988:28301	bigDeletion
USA/WA-S13447/2021	589	2	None	29372:29510	bigDeletion
USA/WA-PHL-012049/2021	590	2	None	29512:29546	bigDeletion
USA/WA-PHL-011432/2022	590	2	None	29512:29546	bigDeletion
USA/WA-S9912/2021	591	2	None	29372:29417	bigDeletion
USA/WA-S13868/2021	592	2	None	29372:29605	bigDeletion
USA/WA-S14128/2021	593	2	None	29372:29505	bigDeletion
USA/WA-S13751/2021	594	2	None	29372:29500	bigDeletion
USA/WA-OHSU-213560647/2021	595	2	None	29431:29510	bigDeletion
USA/WA-S12752/2021	596	2	None	29429:29489	bigDeletion
USA/WA-PHL-005251/2021	597	2	None	29356:29443	bigDeletion
USA/WA-S15691/2021	598	2	None	29530:29585	bigDeletion
USA/WA-S13837/2021	599	2	None	29372:29558	bigDeletion
USA/WA-CDC-LC0083855/2021	600	2	None	28614:28661	bigDeletion
USA/WA-S10521/2021	601	2	None	29372:29406	bigDeletion
USA/WA-S10327/2021	601	2	None	29372:29406	bigDeletion
USA/WA-S13241/2021	601	2	None	29372:29406	bigDeletion
USA/AL-ADPH-SampleT7/2022	602	2	None	29456:29491	bigDeletion
USA/WA-PHL-015639/2022	603	2	None	29512:29546	bigDeletion
USA/AK-PHL16121/2021	604	2	None	28928:29007	bigDeletion
USA/WA-S13339/2021	605	2	None	29372:29408	bigDeletion
USA/WA-S10262/2021	605	2	None	29372:29408	bigDeletion
USA/WA-S10256/2021	606	2	None	29372:29523	bigDeletion
USA/WA-S13967/2021	607	2	None	29372:29500	bigDeletion
USA/WA-S13849/2021	608	2	None	29372:29500	bigDeletion
USA/WA-OHSU-212360772/2021	609	2	None	29372:29408	bigDeletion
USA/NC-CDC-LC0438571/2021	610	2	None	28526:28691	bigDeletion
USA/WA-S13869/2021	611	2	None	29435:29494	bigDeletion
USA/WA-S14039/2021	611	2	None	29435:29494	bigDeletion
USA/WA-S11737/2021	612	2	None	29373:29432	bigDeletion
USA/WA-S13067/2021	613	2	None	29372:29444	bigDeletion
USA/WA-S12983/2021	614	2	None	29447:29493	bigDeletion
USA/WA-S14110/2021	615	2	None	29372:29500	bigDeletion
USA/WA-S14123/2021	616	2	None	29372:29472	bigDeletion
USA/WA-S13341/2021	616	2	None	29372:29472	bigDeletion
USA/WA-S13983/2021	617	2	None	29402:29434	bigDeletion
USA/WA-S14024/2021	617	2	None	29402:29434	bigDeletion
USA/WA-S13892/2021	617	2	None	29402:29434	bigDeletion
USA/WA-S14058/2021	617	2	None	29402:29434	bigDeletion
USA/WV-WVU-WV125247/2021	618	2	None	29356:29510	bigDeletion
USA/WA-S13800/2021	619	2	None	29372:29515	bigDeletion
USA/WA-S13874/2021	620	2	None	29372:29510	bigDeletion
USA/WA-S13993/2021	621	2	None	29372:29500	bigDeletion
USA/WA-CDC-LC0206684/2021	622	2	None	28286:28359	bigDeletion
USA/WA-S12927/2021	623	2	None	29438:29508	bigDeletion
USA/WA-S12061/2021	624	2	None	29372:29407	bigDeletion
USA/WA-S13987/2021	625	3	None	29372:29510	bigDeletion
USA/WA-S13999/2021	625	3	None	29372:29510	bigDeletion
Bolivia/SAN-UPCH-3386/2022	626	2	None	29372:29402	bigDeletion
USA/WA-CDC-LC0396559/2021	627	2	None	27959:28459	bigDeletion
