strain	cluster	depth	M_misStops	M_deletions	M_koType
Sweden/2419281692/2021	1	2	26663-26665:ATA>TAA	None	earlyStop
India/OR-ILSGS17530/2022	2	2	26585-26587:CTA>TAG	None	earlyStop
Gabon/CERMEL-JJ0689/2021	3	2	26699-26701:GTA>TAA	None	earlyStop
USA/FL-BPHL-4670/2021	4	2	None	26565:26621	bigDeletion
USA/WA-CDC-FG-082093/2021	5	2	None	26970:27020	bigDeletion
USA/WA-CDC-FG-072050/2021	5	2	None	26970:27020	bigDeletion
USA/WA-CDC-FG-096127/2021	6	2	None	26970:27020	bigDeletion
Switzerland/BE-UHB-750957701/2021	7	2	None	26485:26528	bigDeletion
USA/WA-PHL-001154/2021	8	2	None	27190:27471	bigDeletion
USA/WA-S18263/2021	9	2	None	26974:27159	bigDeletion
USA/WA-CDC-FG-082228/2021	10	2	None	26970:27020	bigDeletion
USA/AZ-ASU4871/2021	11	2	None	26555:26616	bigDeletion
Oman/rega-OM-108/2021	12	2	None	26956:27177	bigDeletion
Nepal/K2022/2021	13	2	None	26416:26542	bigDeletion
CzechRepublic/NRL_9998/2021	14	2	None	26910:26982	bigDeletion
CzechRepublic/NRL_9615/2021	15	2	None	26911:26982	bigDeletion
Canada/AB-ABPHL-44024/2021	16	2	None	26835:27104	bigDeletion
USA/WA-OHSU-15194/2021	17	2	None	26835:26903	bigDeletion
PapuaNewGuinea/PNG7226/2021	18	2	None	26956:27177	bigDeletion
SolomonIslands/SOL028/2022	19	2	None	26956:27177	bigDeletion
SolomonIslands/SOL264/2022	20	2	None	26966:27040	bigDeletion
Brunei/7122008951/2022	21	2	None	26540:26641	bigDeletion
Kuwait/KCCC-4271959-W037812/2021	22	2	None	26802:26837	bigDeletion
USA/GA-EHC-1597M/2021	23	2	None	26495:26530	bigDeletion
Vietnam/Hau_Giang-25/2021	24	2	None	26961:27150	bigDeletion
Vietnam/NHTD-OUCRU2725/2022	25	2	None	26983:27158	bigDeletion
USA/MI-SHMSU-G03_I_0945_14/2021	26	2	None	27022:27158	bigDeletion
USA/WA-S15215/2021	27	2	None	26974:27161	bigDeletion
USA/NM-UNM-TC240592/2021	28	2	None	27190:27227	bigDeletion
USA/CO-CDPHE-2101616867/2021	28	2	None	27190:27227	bigDeletion
USA/NE-TESTNE_A1P6CVS/2021	29	2	None	27190:27471	bigDeletion
USA/WA-PHL-009432/2021	30	2	None	26956:27177	bigDeletion
USA/WA-PHL-013769/2022	31	2	None	26956:27177	bigDeletion
USA/WA-S15648/2021	32	2	None	26974:27035	bigDeletion
USA/SD-SDAIHG-1184/2021	33	2	None	26974:27158	bigDeletion
Bahrain/22970143702/2022	34	2	None	26972:27161	bigDeletion
Bahrain/22020194985/2022	35	2	None	26972:27168	bigDeletion
Philippines/PH-RITM-909/2021	36	2	None	26956:27177	bigDeletion
USA/WA-S15656/2021	37	2	None	26974:27023	bigDeletion
USA/WA-CDC-LC0329881/2021	38	2	None	26729:26799	bigDeletion
Israel/SMC-7044538/2022	39	2	None	26974:27166	bigDeletion
USA/WA-S14774/2021	40	2	None	26974:27158	bigDeletion
USA/WA-S14931/2021	40	2	None	26974:27158	bigDeletion
Poland/PZH-UMB-1517/2021	41	2	None	26565:26651	bigDeletion
USA/NJ-CDC-LC0070365/2021	42	2	None	26670:26709	bigDeletion
Oman/rega-OM-153/2021	43	2	None	26956:27177	bigDeletion
USA/WA-PHL-012346/2022	44	2	None	26956:27104	bigDeletion
Ghana/NMIMR-NCOV-21-59659/2021	45	2	None	27190:27471	bigDeletion
Malaysia/MKAI-6380998/2021	46	2	None	27034:27727	bigDeletion
Congo/FCRM-55-9674/2021	47	2	None	26835:27808	bigDeletion
USA/AR-B013819/2022	48	2	None	26974:27159	bigDeletion
CzechRepublic/FNP0340/2022	49	2	None	26784:26827	bigDeletion
SouthAfrica/NCV1687/2020	50	2	None	26965:26996	bigDeletion
Russia/PNZ-RII-MH77281S/2022	51	2	None	26988:27177	bigDeletion
Oman/rega-OM-125/2021	52	2	None	26956:27177	bigDeletion
USA/WA-S18247/2021	53	2	None	26974:27161	bigDeletion
Ghana/NMIMR-CT-21-11949/2021	54	3	None	26835:26981	bigDeletion
Ghana/NMIMR-CT-21-11927/2021	54	3	None	26835:26981	bigDeletion
Fiji/FJ1061/2021	55	2	None	26956:27177	bigDeletion
Iraq/CPHL-040122-67/2022	56	2	None	26801:26887	bigDeletion
Uganda/UVRI_418423/2021	57	2	None	26523:26616	bigDeletion
Pakistan/NIH-PAK-NC104/2021	58	2	None	26525:26615	bigDeletion
Cameroon/CAM-106/2021	59	2	None	26835:26880	bigDeletion
Chad/TCH-59/2021	60	2	None	26835:27214	bigDeletion
Romania/IL_494424/2021	61	2	None	26565:26651	bigDeletion
Nigeria/NIMR-99467/2021	62	2	None	26949:27808	bigDeletion
Portugal/PT25060/2022	63	2	None	26966:27166	bigDeletion
Israel/ICH-741212136/2022	64	2	None	26974:27160	bigDeletion
Jamaica/JAM-UWIMicro-0270/2021	65	2	None	26974:27076	bigDeletion
USA/WA-S14849/2021	66	2	None	26974:27159	bigDeletion
Jamaica/JAM-UWIMicro-0075/2021	67	2	None	26974:27160	bigDeletion
Congo/RC-261/2021	68	2	None	26835:26889	bigDeletion
Lesotho/UHB-MI-SEB-00851/2021	69	2	None	26490:26528	bigDeletion
Lebanon/6520/2021	70	2	None	26353:26569	bigDeletion
Chad/TCH-36/2021	71	2	None	26835:27808	bigDeletion
Russia/PRI-RII-MH64857S/2022	72	2	None	26992:27152	bigDeletion
USA/WA-S15164/2021	73	2	None	26974:27044	bigDeletion
USA/NM-CDC-IBX562323275076/2022	74	2	None	26974:27158	bigDeletion
SaintVincentandtheGrenadines/114748/2021	75	3	None	26338:26587	bigDeletion
SaintVincentandtheGrenadines/115322/2022	75	3	None	26338:26587	bigDeletion
SaintVincentandtheGrenadines/113853/2021	76	3	None	26956:27177	bigDeletion
SaintVincentandtheGrenadines/113447/2021	76	3	None	26956:27177	bigDeletion
Vanuatu/VAN7/2021	77	2	None	26956:27177	bigDeletion
USA/WA-S15599/2021	78	2	None	26974:27162	bigDeletion
USA/WA-S15573/2021	78	2	None	26974:27162	bigDeletion
USA/WA-S15543/2021	78	2	None	26974:27162	bigDeletion
USA/WA-S15553/2021	78	2	None	26974:27162	bigDeletion
Congo/FCRM-61-10346/2021	79	2	None	25768:26767	bigDeletion
USA/MI-UM-10043457091/2022	80	2	None	26956:27177	bigDeletion
DRC/INRB-RDC-642/2021	81	2	None	26835:27082	bigDeletion
CaboVerde/ST40629/2021	82	2	None	25726:26748	bigDeletion
CaboVerde/ST40626/2021	83	2	None	26397:26748	bigDeletion
CaboVerde/ST40477/2021	83	2	None	26397:26748	bigDeletion
USA/WA-S15631/2021	84	2	None	26974:27158	bigDeletion
Pakistan/NIH-B27-S13/2021	85	2	None	26609:26639	bigDeletion
Pakistan/NIH-B24-S17/2021	86	2	None	26609:26639	bigDeletion
SolomonIslands/SOL037/2022	87	2	None	26956:27177	bigDeletion
SolomonIslands/SOL103/2022	88	2	None	26956:27005	bigDeletion
SolomonIslands/SOL033/2022	89	2	None	26956:27177	bigDeletion
SolomonIslands/SOL128/2022	90	2	None	26966:27043	bigDeletion
Lesotho/N22941/2021	91	2	None	27189:27385	bigDeletion
SouthAfrica/CERI-KRISP-K041455/2022	92	2	None	26848:26933	bigDeletion
Kenya/SS4131/2021	93	2	None	26956:27177	bigDeletion
Sweden/293261122W/2022	94	2	None	26912:27040	bigDeletion
USA/TX-DSHS-10411/2021	95	2	None	26835:26947	bigDeletion
USA/WA-PHL-016038/2021	96	2	None	26956:27177	bigDeletion
Netherlands/GR-UMCG-MMB_3718/2021	97	2	None	26565:26651	bigDeletion
Ireland/D-NVRL-S21IRL00310454/2021	98	2	None	26848:27808	bigDeletion
Ireland/D-NVRL-G22IRL05163/2022	99	2	None	26848:27808	bigDeletion
CzechRepublic/UMTM458484/2022	100	2	None	26542:26616	bigDeletion
PapuaNewGuinea/PNG7213/2022	101	2	None	26956:27177	bigDeletion
PapuaNewGuinea/PNG4761/2021	102	2	None	26956:27177	bigDeletion
PapuaNewGuinea/PNG4278/2021	103	2	None	26956:27177	bigDeletion
Vietnam/NHTD-OUCRU1616/2021	104	2	None	26974:27159	bigDeletion
USA/WA-PHL-014486/2021	105	2	None	26956:27177	bigDeletion
USA/WA-S15006/2021	106	2	None	26974:27158	bigDeletion
USA/WA-PHL-016562/2021	107	2	None	26956:27177	bigDeletion
USA/WA-PHL-011422/2021	108	2	None	26994:27088	bigDeletion
USA/WA-PHL-016521/2021	108	2	None	26994:27088	bigDeletion
USA/WI-CDC-IBX237229305505/2022	109	2	None	26974:27159	bigDeletion
USA/ID-IVREF-796768/2022	110	2	None	26972:27162	bigDeletion
USA/WA-PHL-010563/2021	111	2	None	27048:27097	bigDeletion
Nigeria/LSBA158a/2021	112	2	None	26713:26865	bigDeletion
USA/WA-PHL-010145/2022	113	2	None	26976:27085	bigDeletion
USA/WA-PHL-010129/2022	114	2	None	26994:27035	bigDeletion
USA/WA-PHL-010125/2022	114	2	None	26994:27035	bigDeletion
Portugal/PT26246/2022	115	2	None	26967:27163	bigDeletion
Lithuania/S22B280/2022	116	2	None	26956:27066	bigDeletion
Lithuania/S22B239/2022	116	2	None	26956:27066	bigDeletion
Slovenia/171557/2022	117	2	None	26984:27158	bigDeletion
Spain/CL-COV29369/2022	118	2	None	26956:27177	bigDeletion
Portugal/PT24536/2021	119	2	None	26972:27162	bigDeletion
CzechRepublic/34SVANiz161927/2022	120	2	None	26974:27161	bigDeletion
Haiti/68070046-ICGES/2021	121	2	None	26890:26937	bigDeletion
USA/AZ-TG997553/2021	122	2	None	26977:27160	bigDeletion
USA/WA-CDC-FG-071886/2021	123	2	None	26970:27020	bigDeletion
USA/NV-SNPHL-538502/2022	124	2	None	26956:27177	bigDeletion
AntiguaandBarbuda/114015/2021	125	2	None	26956:27177	bigDeletion
USA/WA-PHL-015629/2022	126	2	None	26956:27040	bigDeletion
USA/MN-MDH-22962/2022	127	2	None	26956:27177	bigDeletion
TrinidadandTobago/110588/2021	128	2	None	26956:27177	bigDeletion
USA/TN-CDC-ASC210458379/2021	129	2	None	26980:27151	bigDeletion
NorthernMarianaIslands/MP-CDC-2-4813457/2021	130	2	None	26631:26714	bigDeletion
USA/TN-VUMC-O-0335/2021	131	2	None	26694:26769	bigDeletion
USA/WA-S15679/2021	132	2	None	26989:27032	bigDeletion
Peru/CUS-INS-16926/2022	133	2	None	26974:27157	bigDeletion
Peru/LIM-INS-16035/2022	134	2	None	26982:27159	bigDeletion
USA/AZ-ASU43918/2022	135	2	None	26956:27177	bigDeletion
USA/MN-CDC-IBX351128155633/2022	136	2	None	26974:27164	bigDeletion
Australia/VIC22826/2021	137	2	None	26956:27177	bigDeletion
Australia/VIC26401/2021	138	2	None	26956:27177	bigDeletion
NewZealand/21MV1426/2021	139	2	None	26847:27808	bigDeletion
USA/WI-WSLH-2204873/2022	140	2	None	26966:27005	bigDeletion
USA/OR-CDC-ASC210652750/2022	141	2	None	26994:27042	bigDeletion
Switzerland/GE-HUG-37456016/2022	142	2	None	26968:27127	bigDeletion
Israel/ICH-741211999/2022	143	3	None	26974:27159	bigDeletion
Israel/ICH-741210689/2022	143	3	None	26974:27159	bigDeletion
TrinidadandTobago/121040/2022	144	2	None	26956:27177	bigDeletion
CzechRepublic/FNP1657/2021	145	2	None	26859:26936	bigDeletion
Austria/AGES-677441/2021	146	2	None	27006:27235	bigDeletion
Spain/CT-HCB-1352/2021	147	3	None	27129:27164	bigDeletion
Suriname/SR-754/2021	147	3	None	27129:27164	bigDeletion
Congo/RC-393/2021	148	2	None	26835:27808	bigDeletion
Spain/CT-BST9926482910/2022	149	2	None	26974:27162	bigDeletion
Slovakia/BA_22_00006011/2022	150	2	None	26976:27028	bigDeletion
Germany/MV-UMG-19008303/2021	151	2	None	26705:26858	bigDeletion
Suriname/SR-683/2021	152	2	None	26956:27040	bigDeletion
Suriname/SR-520/2021	152	2	None	26956:27040	bigDeletion
Suriname/SR-964/2022	153	2	None	26957:26992	bigDeletion
Suriname/SR-747/2021	154	2	None	26956:27177	bigDeletion
Spain/IB-HUSE-03384/2021	155	2	None	26974:27042	bigDeletion
Belgium/ULG-22291/2021	156	2	None	25768:26766	bigDeletion
Brazil/RO-FIOCRUZ-ILMD2204105/2022	157	2	None	26974:27159	bigDeletion
USA/CO-CDPHE-2101600271/2021	158	2	None	27175:27227	bigDeletion
Ecuador/USFQ-2542/2022	159	2	None	26566:26860	bigDeletion
USA/WA-S15855/2021	160	2	None	26974:27158	bigDeletion
USA/ID-CDC-LC0322713/2021	161	2	None	26519:26739	bigDeletion
USA/WA-OHSU-15545/2021	162	2	None	26835:27384	bigDeletion
USA/WA-PHL-012048/2021	163	2	None	26956:27177	bigDeletion
USA/OR-IVY-ZZX9L3FV/2022	164	2	None	26956:27178	bigDeletion
USA/WA-CDC-LC0396597/2021	165	2	None	26670:26739	bigDeletion
USA/WA-PHL-010779/2022	166	2	None	26956:27177	bigDeletion
USA/WA-PHL-012617/2022	167	2	None	26956:27177	bigDeletion
USA/VT-CDCBI-CRSP_SITXBCEWSMWPFUDN/2022	168	2	None	26519:26705	bigDeletion
USA/NC-IVY-ZZX9LKLO/2021	169	2	None	26956:27616	bigDeletion
Congo/FCRM-78-11427/2021	170	2	None	27188:27223	bigDeletion
Congo/RC-387/2021	171	2	None	26835:27082	bigDeletion
Russia/MOW-PMVL-DZ-45678469760/2021	172	2	None	26448:26542	bigDeletion
Russia/SPE-RII-20364S/2022	173	2	None	27001:27141	bigDeletion
Peru/LIM-INS-15136/2022	174	2	None	26977:27159	bigDeletion
USA/SC-CDC-MMB10419753/2021	175	2	None	26800:26839	bigDeletion
Denmark/DCGC-170443/2021	176	2	None	27190:27392	bigDeletion
USA/WA-S14854/2021	177	2	None	26977:27159	bigDeletion
USA/WA-PHL-014100/2022	178	2	None	26956:27177	bigDeletion
USA/WA-S14800/2021	179	2	None	26974:27159	bigDeletion
USA/ND-NDDH-23079/2021	180	2	None	27116:27177	bigDeletion
USA/NV-SNPHL-529502/2021	181	2	None	26956:27177	bigDeletion
USA/WA-S15705/2021	182	2	None	26975:27076	bigDeletion
USA/MA-NEIDL-02529/2021	183	2	None	26977:27161	bigDeletion
USA/WA-PHL-011165/2022	184	2	None	26956:27177	bigDeletion
USA/ME-HETL-J14262/2022	185	2	None	26966:27120	bigDeletion
USA/WA-S14559/2021	186	2	None	26974:27158	bigDeletion
USA/WA-S14279/2021	187	2	None	26974:27106	bigDeletion
USA/WA-S15303/2021	188	2	None	27002:27036	bigDeletion
USA/SC-REDDI-99614F786GA/2022	189	2	None	26956:27177	bigDeletion
TrinidadandTobago/106445/2021	190	2	None	26956:27177	bigDeletion
USA/MN-MDH-23082/2022	191	2	None	26956:27177	bigDeletion
USA/MS-CDC-STM-DUQ7D7VMA/2021	192	2	None	26545:26582	bigDeletion
USA/MI-SHMSU-B11_I_6928_LL1/2022	193	2	None	26974:27158	bigDeletion
USA/WA-CDC-LC0445549/2021	194	2	None	26670:26799	bigDeletion
USA/WA-S14857/2021	195	2	None	26974:27159	bigDeletion
USA/SC-CDC-ASC210563813/2022	196	2	None	27055:27099	bigDeletion
USA/WA-S15065/2021	197	2	None	27004:27158	bigDeletion
USA/MI-SHMSU-G09_I_1197_15/2022	198	2	None	26974:27158	bigDeletion
USA/CO-CDPHE-2101616975/2021	199	2	None	27175:27227	bigDeletion
USA/MI-CDC-ASC210660972/2021	200	2	None	27019:27053	bigDeletion
USA/TX-DSHS-20231/2022	201	2	None	26835:27808	bigDeletion
USA/WA-PHL-016525/2021	202	2	None	26956:27177	bigDeletion
USA/WA-S16543/2022	203	2	None	26984:27068	bigDeletion
USA/WA-S15490/2021	204	2	None	27114:27146	bigDeletion
USA/WA-S15196/2021	205	2	None	26974:27162	bigDeletion
USA/WA-S14314/2021	206	3	None	26994:27035	bigDeletion
USA/WA-S14291/2021	206	3	None	26994:27035	bigDeletion
USA/WA-CDC-FG-081990/2021	207	2	None	26970:27020	bigDeletion
USA/WA-OHSU-14616/2021	208	3	None	26206:26766	bigDeletion
USA/WA-OHSU-14678/2021	208	3	None	26206:26766	bigDeletion
USA/WA-Curative-155165/2021	209	2	None	26478:26587	bigDeletion
USA/WA-CDC-FG-096083/2021	210	2	None	26714:26768	bigDeletion
USA/WA-CDC-FG-097002/2021	211	2	None	26970:27020	bigDeletion
Jamaica/JAM-UWIMicro-0613/2022	212	2	None	26974:27159	bigDeletion
USA/WA-CDC-FG-141211/2021	213	2	None	26970:27020	bigDeletion
USA/WA-S15571/2021	214	2	None	27002:27035	bigDeletion
USA/WA-S15566/2021	214	2	None	27002:27035	bigDeletion
USA/WA-S15567/2021	214	2	None	27002:27035	bigDeletion
USA/WA-S15563/2021	214	2	None	27002:27035	bigDeletion
USA/WA-S15578/2021	214	2	None	27002:27035	bigDeletion
USA/WA-S15552/2021	214	2	None	27002:27035	bigDeletion
USA/WA-S15559/2021	214	2	None	27002:27035	bigDeletion
USA/WA-S15588/2021	214	2	None	27002:27035	bigDeletion
USA/WA-S15557/2021	214	2	None	27002:27035	bigDeletion
USA/WA-S15579/2021	214	2	None	27002:27035	bigDeletion
USA/WA-S15597/2021	215	2	None	26974:27159	bigDeletion
USA/TX-CDC-FG-020403/2021	216	2	None	26970:27020	bigDeletion
USA/GA-EHC-4121M/2022	217	2	None	26935:26972	bigDeletion
USA/VA-CDC-LC0431507/2021	218	2	None	26634:26799	bigDeletion
USA/NH-CDCBI-CRSP_BJFDMERBQ6HTOOCA/2021	219	2	None	27023:27070	bigDeletion
USA/WA-S18648/2021	220	2	None	26984:27061	bigDeletion
USA/WA-PHL-004764/2021	221	2	None	27190:27606	bigDeletion
Canada/ON-KHS-22-08414-v1/2022	222	3	None	26966:27177	bigDeletion
Canada/ON-KHS-22-08414-v2/2022	222	3	None	26966:27177	bigDeletion
Canada/ON-KHS-22-09222-v1/2022	222	3	None	26966:27177	bigDeletion
USA/MI-UM-10042417023/2021	223	2	None	26956:27177	bigDeletion
USA/TX-DSHS-19926/2022	224	2	None	26835:27808	bigDeletion
USA/LA-BIE-CAT01394/2021	225	2	None	26974:27159	bigDeletion
USA/IL-CDC-ASC210453765/2021	226	2	None	27062:27092	bigDeletion
USA/HI-H216519/2021	227	2	None	27085:27129	bigDeletion
USA/MI-CDC-ASC210738463/2022	228	2	None	26989:27106	bigDeletion
Canada/ON-KHS-22-02833-v1/2022	229	2	None	26966:27177	bigDeletion
USA/AZ-TG989567/2021	230	2	None	26974:27161	bigDeletion
USA/WA-S14977/2021	231	2	None	26992:27159	bigDeletion
USA/AL-CDC-ASC210582985/2022	232	2	None	26974:27042	bigDeletion
USA/VT-CDCBI-CRSP_IBLAF4HLYHGQJ4TE/2022	233	2	None	27010:27081	bigDeletion
USA/IL-RIPHL_80543_G/2022	234	2	None	26523:26587	bigDeletion
USA/WA-PHL-016519/2021	235	2	None	26956:27177	bigDeletion
Ecuador/USFQ-2240/2021	236	2	None	26566:26860	bigDeletion
TrinidadandTobago/88351/2021	237	2	None	26956:27177	bigDeletion
TrinidadandTobago/121253/2022	237	2	None	26956:27177	bigDeletion
TrinidadandTobago/88728/2021	238	2	None	27133:27177	bigDeletion
TrinidadandTobago/106715/2021	239	2	None	26956:27177	bigDeletion
TrinidadandTobago/116777/2021	240	2	None	26956:27177	bigDeletion
USA/TX-UTEP-42692/2021	241	2	None	26470:26592	bigDeletion
USA/LA-TUSOM_0109-S45/2021	242	2	None	26555:26586	bigDeletion
USA/WY-WYPHL-21107459/2021	243	2	None	26956:27177	bigDeletion
USA/KY-GD-012522-250/2022	244	2	None	26974:27032	bigDeletion
USA/WI-WSLH-2205361/2022	245	2	None	26956:27177	bigDeletion
USA/WI-CDC-LC0141393/2021	246	2	None	26691:26739	bigDeletion
USA/WY-WYPHL-21121614/2021	247	2	None	26290:26542	bigDeletion
USA/CO-CDPHE-2101701532/2021	248	2	None	27175:27227	bigDeletion
USA/WA-CDC-FG-096190/2021	249	2	None	26970:27020	bigDeletion
USA/WA-CDC-FG-082040/2021	250	2	None	26970:27020	bigDeletion
USA/OH-CDC-MMB14614267/2022	251	2	None	27035:27076	bigDeletion
USA/DE-Curative-160498/2021	252	2	None	26631:26689	bigDeletion
SriLanka/aicbu3406/2022	253	2	None	27085:27221	bigDeletion
USA/NH-CDC-LC0461102/2022	253	2	None	27085:27221	bigDeletion
USA/TN-VUMC-SD_MVU002_O_B_118/2022	254	2	None	26816:26861	bigDeletion
USA/OR-CDC-ASC210818146/2022	255	3	None	26976:27042	bigDeletion
USA/TN-ASC-210591371/2022	255	3	None	26976:27042	bigDeletion
USA/TX-DSHS-13485/2021	256	2	None	27055:27085	bigDeletion
USA/NE-CDC-ASC210526391/2021	256	2	None	27055:27085	bigDeletion
USA/AZ-ASU79766/2021	256	2	None	27055:27085	bigDeletion
USA/WV-WV127691/2021	257	2	None	26956:27017	bigDeletion
USA/FL-CDC-LC0161574/2021	258	2	None	26634:26739	bigDeletion
USA/NM-CDC-IBX094958897324/2022	259	2	None	26974:27162	bigDeletion
USA/MN-CDC-IBX208209237746/2022	260	2	None	26972:27165	bigDeletion
USA/WA-PHL-016550/2021	261	2	None	26956:27177	bigDeletion
USA/WA-S18250/2021	262	2	None	26974:27160	bigDeletion
USA/MA-IVY-ZZXA9N75/2022	263	2	None	26956:27177	bigDeletion
USA/WA-PHL-010537/2021	264	2	None	26956:27177	bigDeletion
USA/MN-CDC-IBX732847244116/2021	265	2	None	26985:27163	bigDeletion
USA/WA-S15602/2021	266	2	None	26974:27158	bigDeletion
USA/IN-INSPHL-12329/2021	267	2	None	26290:26542	bigDeletion
USA/IL-CDC-ASC210499892/2021	268	2	None	27056:27088	bigDeletion
USA/CO-CDPHE-2101556444/2021	269	2	None	27175:27227	bigDeletion
USA/ME-HETL-J15080/2021	270	2	None	26966:27120	bigDeletion
USA/WA-PHL-016028/2022	271	2	None	26956:27177	bigDeletion
AntiguaandBarbuda/114036/2021	272	2	None	26956:27177	bigDeletion
USA/WA-PHL-015964/2021	273	2	None	26956:27177	bigDeletion
USA/WA-PHL-016547/2021	274	2	None	26956:27177	bigDeletion
USA/CA-CDPH-1002012163/2020	275	2	None	26974:27164	bigDeletion
USA/IA-CDC-ASC210535466/2021	276	2	None	26972:27166	bigDeletion
USA/AZ-CDC-ASC210547447/2022	277	2	None	26977:27040	bigDeletion
USA/MN-MDH-23446/2022	278	2	None	26956:27177	bigDeletion
USA/KS-CDC-ASC210603652/2022	279	2	None	26974:27158	bigDeletion
USA/WA-PHL-013236/2022	280	2	None	26994:27048	bigDeletion
USA/MT-FYR-1055/2021	281	2	None	26835:27808	bigDeletion
USA/MN-MDH-22884/2022	282	2	None	26956:27177	bigDeletion
USA/WA-PHL-010086/2022	283	2	None	26956:27177	bigDeletion
USA/WY-WYPHL-21126762/2021	284	2	None	27190:27471	bigDeletion
USA/WA-PHL-016528/2021	285	2	None	26956:27177	bigDeletion
USA/WA-S18283/2021	286	2	None	26974:27160	bigDeletion
USA/TN-CDC-ASC210529794/2021	287	2	None	26967:27160	bigDeletion
USA/TX-DSHS-12969/2021	288	2	None	26835:27430	bigDeletion
USA/WA-S18270/2021	289	2	None	26974:27055	bigDeletion
USA/CA-CDC-ASC210816684/2022	290	2	None	26978:27153	bigDeletion
USA/WA-PHL-010833/2022	291	2	None	26976:27177	bigDeletion
USA/WA-S15652/2021	292	2	None	26974:27159	bigDeletion
USA/WA-PHL-016599/2021	293	2	None	26966:27177	bigDeletion
USA/WA-S14832/2021	294	2	None	26974:27142	bigDeletion
USA/WA-PHL-016606/2021	295	2	None	26956:27177	bigDeletion
USA/WA-PHL-016630/2022	296	2	None	26956:27177	bigDeletion
USA/WA-PHL-016545/2021	297	2	None	26956:27177	bigDeletion
USA/WA-CDC-FG-127228/2021	298	2	None	26970:27020	bigDeletion
USA/CO-CDPHE-2101939787/2021	299	2	None	27175:27227	bigDeletion
USA/IA-CDC-ASC210749412/2022	300	2	None	26977:27012	bigDeletion
USA/WA-PHL-010950/2022	301	2	None	26994:27034	bigDeletion
USA/WA-PHL-013301/2022	301	2	None	26994:27034	bigDeletion
USA/WA-PHL-010202/2022	302	2	None	26956:27079	bigDeletion
USA/WA-PHL-010124/2022	303	2	None	26976:27151	bigDeletion
USA/WA-CDC-LC0251492/2021	304	2	None	26634:26799	bigDeletion
USA/WA-S14989/2021	305	2	None	26974:27157	bigDeletion
USA/WA-S15340/2021	306	2	None	26974:27159	bigDeletion
USA/WA-PHL-011196/2022	307	2	None	26956:27177	bigDeletion
USA/WA-S14492/2021	308	2	None	26999:27160	bigDeletion
USA/MT-FYR-206/2021	309	2	None	26835:26997	bigDeletion
USA/WA-S15280/2021	310	2	None	26984:27159	bigDeletion
USA/WA-S15324/2021	311	2	None	27002:27063	bigDeletion
USA/WA-S15197/2021	312	2	None	27109:27159	bigDeletion
USA/OR-OHSU-221930103/2022	313	2	None	26977:27166	bigDeletion
USA/WA-S15259/2021	314	2	None	26974:27044	bigDeletion
USA/WA-S15351/2021	315	2	None	26974:27159	bigDeletion
USA/NV-NSPHL-22-00034903/2022	316	2	None	26835:27808	bigDeletion
USA/WA-S15414/2021	317	2	None	26974:27159	bigDeletion
USA/CA-CDPH-1002012115/2020	318	2	None	26974:27164	bigDeletion
USA/WA-CDC-FG-133301/2021	319	2	None	26970:27020	bigDeletion
USA/WA-S14894/2021	320	2	None	26989:27078	bigDeletion
USA/WA-PHL-016534/2021	320	2	None	26989:27078	bigDeletion
USA/WA-PHL-008635/2021	321	2	None	26956:27177	bigDeletion
USA/WA-S15460/2021	322	2	None	27087:27158	bigDeletion
USA/WA-S15264/2021	323	2	None	26974:27159	bigDeletion
USA/WA-S15945/2021	324	2	None	26974:27049	bigDeletion
USA/WA-S15342/2021	325	2	None	26974:27036	bigDeletion
USA/WA-PHL-016575/2021	326	2	None	26956:27177	bigDeletion
USA/WA-S18237/2021	327	2	None	26974:27159	bigDeletion
USA/WA-CDC-LC0083855/2021	328	2	None	26364:26799	bigDeletion
USA/MN-CDC-IBX299456123335/2022	329	2	None	26974:27040	bigDeletion
USA/TN-ASC-210507795/2022	329	2	None	26974:27040	bigDeletion
USA/KY-KSPHL-102258/2022	330	2	None	26648:26690	bigDeletion
USA/KY-KSPHL-11574_220422S/2022	330	2	None	26648:26690	bigDeletion
USA/WY-WYPHL-21089328/2021	331	2	None	26290:26542	bigDeletion
USA/WA-S14764/2021	332	2	None	26974:27159	bigDeletion
USA/CO-CDPHE-2103153628/2022	333	2	None	26956:27177	bigDeletion
USA/NM-NMDOH-2021152997/2021	334	2	None	26858:26908	bigDeletion
USA/WA-PHL-014197/2022	335	2	None	27022:27177	bigDeletion
USA/WA-PHL-015639/2022	336	2	None	26956:27177	bigDeletion
USA/WA-PHL-009467/2021	337	2	None	26956:27177	bigDeletion
USA/WA-PHL-009479/2021	337	2	None	26956:27177	bigDeletion
USA/NV-SNPHL-488359/2021	338	2	None	26509:26548	bigDeletion
USA/NV-NSPHL-22-00009190/2022	339	2	None	26835:27808	bigDeletion
USA/AZ-TG1046472/2021	340	2	None	26977:27037	bigDeletion
USA/WA-PHL-010995/2022	341	2	None	26969:27039	bigDeletion
USA/WA-PHL-016561/2021	342	2	None	27144:27177	bigDeletion
USA/WA-PHL-013331/2022	343	2	None	26956:27177	bigDeletion
USA/WV-CDC-IBX351318915008/2021	344	2	None	27109:27159	bigDeletion
USA/WA-S15496/2021	345	2	None	26977:27159	bigDeletion
USA/WA-S18262/2021	345	2	None	26977:27159	bigDeletion
USA/WA-S15624/2021	346	2	None	26974:27159	bigDeletion
USA/WA-S15635/2021	346	2	None	26974:27159	bigDeletion
USA/ME-HETL-J14129/2022	347	2	None	26966:27104	bigDeletion
USA/PA-CDC-ASC210610845/2021	348	2	None	27052:27159	bigDeletion
USA/WA-S14296/2021	349	2	None	26974:27158	bigDeletion
USA/WA-CDC-FG-081935/2021	350	2	None	26970:27020	bigDeletion
USA/ME-HETL-J14107/2022	351	2	None	26966:27076	bigDeletion
USA/WA-S18651/2021	352	2	None	27002:27139	bigDeletion
